<application>
  <component name="MaterialThemeConfig">
    <option name="version" value="2.10.6" />
    <option name="selectedTheme" value="MONOKAI" />
    <option name="highlightColor" value="80cbc4" />
    <option name="highlightColorEnabled" value="true" />
    <option name="accentColor" value="ffd866" />
    <option name="userId" value="-7db0085d:1669f716b90:-8000" />
    <option name="overrideAccentColor" value="true" />
    <option name="isWizardShown" value="true" />
  </component>
</application>